pays,ligue1,ligue2,ligue3,ligue4
Afghanistan,Afghan Premier League,,,
Afrique du Sud,PSL,National First Division,SAFA Second Division,
Albanie,Kategoria Superiore,Kategoria e Parë,Kategoria e Dytë,
Algérie,Ligue 1,Ligue 2,Inter-Régions,
Allemagne,Bundesliga,2. Bundesliga,3. Liga,Regionalliga
Andorre,Primera Divisió,Segona Divisió,,
Angleterre,Premier League,Championship,League One,League Two
Angola,Girabola,Segundona,,
Arabie Saoudite,Saudi Pro League,First Division,Second Division,
Argentine,Liga Profesional,Primera Nacional,Primera B,Primera C
Arménie,Premier League,First League,,
Australie,A-League,NPL,,
Autriche,Bundesliga,2. Liga,Regionalliga,
Azerbaïdjan,Premier League,First Division,,
Bahreïn,Premier League,Second Division,,
Bangladesh,Premier League,Championship,,
Belgique,Pro League,Challenger Pro League,National Division 1,
Bénin,Super Ligue,Championnat D2,,
Biélorussie,Premier League,First League,Second League,
Birmanie,National League,,
Bolivie,División Profesional,Copa Simón Bolívar,,
Bosnie,Premier League,First League,,
Botswana,Premier League,First Division,,
Brésil,Série A,Série B,Série C,Série D
Bulgarie,First League,Second League,Third League,
Burkina Faso,Fasofoot Ligue 1,,
Burundi,Premier League,,
Cambodge,C-League,,
Cameroun,Elite One,Elite Two,,
Canada,Canadian Premier League,League1 Ontario,PLSQ,
Cap-Vert,Campeonato Nacional,,
Centrafrique,Central African Republic League,,
Chili,Primera División,Primera B,Segunda División,
Chine,Super League,League One,League Two,
Chypre,First Division,Second Division,Third Division,
Colombie,Primera A,Primera B,,
Comores,Comoros Premier League,,
Congo,Congo Premier League,,
Corée du Sud,K League 1,K League 2,K3 League,
Costa Rica,Primera División,Segunda División,,
Côte d'Ivoire,Ligue 1,Ligue 2,,
Croatie,HNL,Prva NL,Druga NL,
Cuba,Campeonato Nacional,,
Danemark,Superliga,1. Division,2. Division,3. Division
Djibouti,Premier League,,
Écosse,Scottish Premiership,Championship,League One,League Two
Égypte,Egyptian Premier League,Second Division,,
Émirats Arabes Unis,UAE Pro League,First Division,,
Équateur,Serie A,Serie B,,
Érythrée,Eritrean Premier League,,
Espagne,La Liga,Segunda División,Primera RFEF,Segunda RFEF
Estonie,Meistriliiga,Esiliiga,,
Eswatini,Premier League,,
Éthiopie,Ethiopian Premier League,,
Finlande,Veikkausliiga,Ykkönen,Kakkonen,
France,Ligue 1,Ligue 2,National 1,National 2
Gabon,Championnat National D1,,
Gambie,GFA League First Division,,
Géorgie,Erovnuli Liga,Erovnuli Liga 2,,
Ghana,Ghana Premier League,Division One,,
Gibraltar,National League,,
Grèce,Super League,Super League 2,Gamma Ethniki,
Guatemala,Liga Nacional,,
Guinée,Championnat National,,
Guinée-Bissau,Guiné-Bissau Championship,,
Guinée équatoriale,Equatoguinean Premier League,,
Guyana,GFF Elite League,,
Haïti,Championnat National D1,,
Honduras,Liga Nacional,,
Hong Kong,Premier League,First Division,Second Division
Hongrie,NB I,NB II,NB III,
Inde,Indian Super League,I-League,I-League 2,
Indonésie,Liga 1,Liga 2,Liga 3,
Irak,Iraqi Premier League,,
Iran,Persian Gulf Pro League,Azadegan League,,
Irlande,League of Ireland Premier,First Division,,
Islande,Úrvalsdeild,1. deild,2. deild,
Israël,Ligat Ha'Al,Liga Leumit,Liga Alef,
Italie,Serie A,Serie B,Serie C,Serie D
Jamaïque,National Premier League,,
Japon,J1 League,J2 League,J3 League,
Jordanie,Jordanian Pro League,,
Kazakhstan,Premier League,First League,,
Kenya,Kenya Premier League,,
Kosovo,Superliga,First League,,
Koweït,Premier League,First Division,,
Laos,Lao League 1,,
Lesotho,Lesotho Premier League,,
Lettonie,Virslīga,First League,,
Liban,Lebanese Premier League,Second Division,,
Libye,Libyan Premier League,Second Division,,
Liechtenstein,No league (play in Swiss),,,
Lituanie,A Lyga,First League,,
Luxembourg,Nationalliga,Division of Honour,,
Macédoine,First League,Second League,,
Madagascar,Madagascar Premier League,,
Malaisie,Malaysia Super League,Malaysia Premier League,,
Malawi,Malawi Super League,,
Maldives,Dhivehi Premier League,,
Mali,Malian Première Division,,
Malte,Maltese Premier League,Challenge League,,
Maroc,Botola Pro,Botola 2,,
Maurice,Mauritian Premier League,,
Mauritanie,Super D1,,
Mexique,Liga MX,Liga de Expansión,Liga Premier,
Moldavie,Super Liga,Divizia A,,
Monaco,No league (play in France),,,
Mongolie,National Premier League,,
Monténégro,First League,Second League,,
Mozambique,Mozambola,,
Namibie,Namibia Premier League,,
Népal,Nepal Super League,,
Nicaragua,Liga Primera,,
Niger,Super Ligue,,
Nigéria,NPFL,NNL,NLO,
Norvège,Eliteserien,OBOS-ligaen,PostNord-ligaen,
Nouvelle-Zélande,New Zealand National League,,
Oman,Oman Professional League,,
Ouganda,Uganda Premier League,,
Ouzbékistan,Super League,Pro League,,
Pakistan,Pakistan Premier League,,
Panama,Liga Panameña,,
Papouasie-Nouvelle-Guinée,PNG National Soccer League,,
Paraguay,Primera División,División Intermedia,,
Pays-Bas,Eredivisie,Eerste Divisie,Tweede Divisie,
Pérou,Liga 1,Liga 2,,
Philippines,Philippines Football League,,
Pologne,Ekstraklasa,I Liga,II Liga,III Liga
Portugal,Primeira Liga,Liga Portugal 2,Liga 3,
Qatar,Qatar Stars League,Second Division,,
RDC,Linafoot,,
République tchèque,First League,Second League,Third League,
Roumanie,Liga I,Liga II,Liga III,
Russie,Premier League,First League,Second League,
Rwanda,Rwanda Premier League,,
Saint-Marin,Campionato Sammarinese,,
Salvador,Primera División,,
Sao Tomé,National Championship,,
Sénégal,Ligue 1,Ligue 2,,
Serbie,SuperLiga,First League,,
Seychelles,Seychelles Premier League,,
Sierra Leone,Sierra Leone Premier League,,
Singapour,Singapore Premier League,,
Slovaquie,Super Liga,2. Liga,3. Liga,
Slovénie,Prva Liga,Second League,,
Somalie,Somalia Premier League,,
Soudan,Sudan Premier League,,
Soudan du Sud,South Sudan Premier League,,
Sri Lanka,Sri Lanka Champions League,,
Suède,Allsvenskan,Superettan,Ettan,
Suisse,Super League,Challenge League,1. Liga,
Suriname,SVB Eerste Divisie,,
Syrie,Syrian Premier League,,
Tadjikistan,Tajikistan Higher League,,
Tanzanie,Tanzania Premier League,,
Tchad,Chad Premier League,,
Thaïlande,Thai League 1,Thai League 2,Thai League 3,
Togo,Championnat National D1,,
Tonga,Tonga Major League,,
Trinité-et-Tobago,TT Pro League,,
Tunisie,Ligue 1,Ligue 2,Ligue 3,
Turkménistan,Yokary Liga,,
Turquie,Süper Lig,1. Lig,2. Lig,3. Lig
Ukraine,Premier League,First League,Second League,
Uruguay,Primera División,Segunda División,,
Vanuatu,Vanuatu Premier League,,
Venezuela,Primera División,Segunda División,,
Viêt Nam,V.League 1,V.League 2,,
Yémen,Yemeni League,,
Zambie,Super League,,
Zimbabwe,Zimbabwe Premier League,,
